{"66": {"sleep_awake_time": {"var": 0.011080290863545412, "trans_mat": [[0.8203967439482807, 0.17960325605171937], [0.6325386970112463, 0.3674613029887537]], "mean": 0.20353192215006977}, "sleep_wakeup_num": {"var": 0.00012398014341058076, "trans_mat": [[0.6737841250173987, 0.1742368454801116, 0.15197902950248968], [0.3491486282225559, 0.41166215677399576, 0.23918921500344842], [0.5734332282539308, 0.23123695819206075, 0.19532981355400839]], "mean": 0.20000000000000007}, "sleep_light_time": {"var": 0.025892397421122443, "trans_mat": [[0.6562033731113974, 0.34379662688860263], [0.3783111848251553, 0.6216888151748448]], "mean": 0.4524043618093437}, "sleep_tosleep_time": {"var": 0.0004082613917393819, "trans_mat": [[0.3834454486866706, 0.5598636049202151, 0.05669094639311433], [0.5533649092579228, 0.42214081068992854, 0.024494280052148838], [0.7650753136728826, 0.23492468632711733, 4.7136075794875325e-35]], "mean": 0.21175882137698898}, "physicalactivity_intense_time": {"var": 5.649717514124294e-05, "trans_mat": [[0.9943181818181768, 0.005681818181823182], [1.0, 2.6235868870720637e-78]], "mean": 0.0}, "physicalactivity_soft_time": {"var": 0.01503194636220517, "trans_mat": [[0.959128108384069, 0.040871891615930946], [0.1090585346349248, 0.8909414653650751]], "mean": 0.5442810801264059}, "walk_steps": {"var": 0.0005407456270616198, "trans_mat": [[0.8496680468345029, 0.15033195086583195, 2.2996651888172116e-09], [0.025459989726462413, 0.7110267143831449, 0.26351329589039263], [7.809741786325061e-05, 0.8165560314466637, 0.18336587113547304]], "mean": 0.0021386261251948517}, "sleep_deep_time": {"var": 0.028757020883877705, "trans_mat": [[0.9374491957117925, 0.06255080428820753], [0.9999999999951469, 4.85309539029423e-12]], "mean": 0.38763564946033674}, "walk_distance": {"var": 0.03139456217347573, "trans_mat": [[0.17347076847431883, 0.8264876344876592, 4.1597038021852615e-05], [0.24159559361602842, 0.7335024813897465, 0.02490192499422507], [8.375080736131451e-10, 0.1504677205341263, 0.8495322786283657]], "mean": 0.44934719140509144}, "physicalactivity_calories": {"var": 0.001044126068435778, "trans_mat": [[0.849586116633243, 0.020812792086897347, 0.011416732430953409, 0.11818435884890628], [0.4520057702048577, 0.0, 0.5479942287182707, 1.0768715785586622e-09], [0.09899700383146294, 2.339240147652979e-16, 0.870954552078618, 0.03004844408991869], [0.47127335875994164, 1.445775504316916e-09, 0.3717496210162976, 0.1569770187779853]], "mean": 0.7739198641954049}, "physicalactivity_moderate_time": {"var": 0.00192016243406231, "trans_mat": [[0.4862372552048497, 0.2932587288388687, 0.20621140255843656, 0.01429261339784517], [0.2646787980073783, 0.6013294069808857, 0.13399179501173603, 4.909658600027661e-117], [0.4855539827627985, 0.20870888694379794, 0.3057371302934035, 1.7865768133706148e-33], [1.4541620060693236e-38, 1.0, 3.935241505375894e-50, 0.0]], "mean": 0.10187915405774603}}, "67": {"sleep_awake_time": {"var": 0.008109735847179415, "trans_mat": [[0.7496405998442861, 0.25035940015571395], [0.6009046731055508, 0.39909532689444926]], "mean": 0.14405351818566178}, "sleep_wakeup_num": {"var": 0.00018518724141668744, "trans_mat": [[0.42592592632658954, 0.19665597420225997, 0.20303025251155526, 0.12963061695190467, 0.04475723000769048], [0.2489044655533802, 0.0005779119983587152, 0.3470491617875305, 0.18380792567767865, 0.219660534983052], [0.4502056758652172, 0.27606918959849513, 0.14858230518077697, 0.12514282935551074, 4.786880722241312e-22], [0.10713784643631118, 0.028008938371666545, 0.39251324628464845, 0.35714280470078674, 0.11519716420658703], [0.2747856716004194, 0.41077757740085585, 0.21482289401163016, 2.0042408023793243e-37, 0.09961385698709466]], "mean": 0.16666666699999994}, "sleep_light_time": {"var": 0.024254411377600496, "trans_mat": [[0.9724978904597883, 0.02750210954021171], [0.02274890783953132, 0.9772510921604687]], "mean": 0.49401099609476995}, "sleep_tosleep_time": {"var": 0.000152948088447095, "trans_mat": [[0.3804172987614996, 0.25149660138250457, 0.3492426036243001, 0.018843496231695574], [0.3660804962128681, 0.2822098301704318, 0.20240181132160057, 0.14930786229509949], [0.4579606764982665, 0.1865027085736715, 0.2482511435513649, 0.107285471376697], [0.4485309672804076, 2.2279795176220503e-11, 0.5514690308930533, 1.8042592232457171e-09]], "mean": 8.200263408753203e-08}, "physicalactivity_intense_time": {"var": 6.347666609143188e-05, "trans_mat": [[0.94419595073226, 0.05580404926774008], [0.5937111004630549, 0.4062888995369451]], "mean": 0.00010275418447404127}, "physicalactivity_soft_time": {"var": 0.008126128624736897, "trans_mat": [[0.9297670175017387, 3.722536980962099e-05, 0.07019575712845165], [0.16176407267560655, 0.8382359273243934, 3.28724719799934e-36], [0.0882941009694373, 0.05860558640943868, 0.853100312621124]], "mean": 0.31507384606865063}, "walk_steps": {"var": 0.008839784189914596, "trans_mat": [[0.8113780866126831, 0.18862191338731688], [0.382648817405464, 0.617351182594536]], "mean": 0.16168717220061662}, "sleep_deep_time": {"var": 0.01877748632224648, "trans_mat": [[0.6756875099486815, 0.32431249005131835], [0.593091339242655, 0.406908660757345]], "mean": 0.43605966859944556}, "walk_distance": {"var": 0.01072088512046605, "trans_mat": [[0.8429791766769477, 0.1570208233230523], [0.4769275008849214, 0.5230724991150787]], "mean": 0.1778921227958982}, "physicalactivity_calories": {"var": 0.0010695339391285307, "trans_mat": [[0.8532663116080245, 0.1394340967410085, 0.007299591650967043], [0.5153465797917741, 0.48465341942859447, 7.796313757780363e-10], [5.319729106887011e-08, 3.8101773378497504e-11, 0.999999946764607]], "mean": 0.7124987282770323}, "physicalactivity_moderate_time": {"var": 0.0003388243312013546, "trans_mat": [[0.6074523792282653, 0.1510576633369055, 0.2414899574348292], [0.1453416064678616, 0.45987380060785465, 0.39478459292428375], [0.33464389941475003, 0.27524548398162063, 0.39011061660362933]], "mean": 0.00798827671008287}}, "68": {"sleep_awake_time": {"var": 0.013179746953795035, "trans_mat": [[0.6449262205682996, 0.3550737794317003], [0.4163577041872268, 0.5836422958127732]], "mean": 0.2037615349099682}, "sleep_wakeup_num": {"var": 0.01632557507094058, "trans_mat": [[0.4159593948076117, 0.5840406051923883], [0.08926646090260044, 0.9107335390973996]], "mean": 0.7759960008210053}, "sleep_light_time": {"var": 0.012384107655794818, "trans_mat": [[0.5538550773012875, 0.4461449226987126], [0.17426738465076305, 0.825732615349237]], "mean": 0.22015450211950333}, "sleep_tosleep_time": {"var": 0.00011453582149425416, "trans_mat": [[0.673512634890901, 0.027996947351944336, 0.2984904177571546], [0.5170906973024034, 0.37060173850037653, 0.11230756419722002], [0.737081242535272, 0.1368832643238007, 0.12603549314092732]], "mean": 5.823647804146811e-06}, "physicalactivity_intense_time": {"var": 0.0014285714285715446, "trans_mat": [[0.14285714285713383, 0.8571428571386616, 4.204606834987521e-12], [0.035294871725315514, 0.9588011527814805, 0.005903975493203972], [2.93504598153255e-11, 0.9999999996716424, 2.9900713827804205e-10]], "mean": 1.0}, "physicalactivity_soft_time": {"var": 0.003218581615437409, "trans_mat": [[0.9593160171321987, 0.04068398044600783, 2.421793358559503e-09], [0.007093881412080873, 0.9862021651253942, 0.006703953462525077], [1.0, 1.9979240951405706e-51, 1.8431133175343208e-145]], "mean": 0.04457908224868167}, "walk_steps": {"var": 0.0008422992400636643, "trans_mat": [[0.889757255852395, 4.508024117824506e-14, 0.10889743239276212, 0.001345311754797878], [8.697581075951859e-11, 0.8181025984880472, 0.00020188445333969846, 0.18169551697163736], [0.03255087088032472, 0.03465340112300766, 0.7999877304507672, 0.13280799754590034], [2.9603995501193697e-24, 0.0664973819375148, 0.29627849047897714, 0.6372241275835082]], "mean": 0.005271422017597542}, "sleep_deep_time": {"var": 0.03519565305630605, "trans_mat": [[0.7565904940802769, 0.24340950591972318], [0.13874724479963663, 0.8612527552003634]],